,City,Cloudiness,Country,Date,Humidity,Lat,Lng,Max Temp,Wind Speed
0,Cidreira,89,BR,1558755298,75,-30.17,-50.22,62.83,8.99
1,Moyale,36,ET,1558755446,93,3.52,39.05,66.61,6.2
2,Yanam,40,IN,1558755448,63,16.73,82.22,91.4,9.17
3,Coelho Neto,26,BR,1558755449,97,-4.25,-43.02,73.09,2.19
4,Guerrero Negro,0,MX,1558755355,80,27.97,-114.04,63.19,15.68
5,Saskylakh,100,RU,1558755280,88,71.97,114.09,28.81,6.33
6,Hermanus,42,ZA,1558755265,87,-34.42,19.24,57.0,5.01
7,Clyde River,90,CA,1558755260,100,70.47,-68.59,24.8,12.75
8,Lata,0,IN,1558755455,92,30.78,78.62,35.47,2.66
9,Te Anau,100,NZ,1558755257,86,-45.41,167.72,48.61,6.91
10,Kapaa,40,US,1558755217,78,22.08,-159.32,82.4,12.75
11,Upernavik,100,GL,1558755308,78,72.79,-56.15,34.93,9.51
12,Victoria,75,BN,1558755207,84,5.28,115.24,89.01,3.36
13,Aklavik,40,CA,1558755296,58,68.22,-135.01,53.6,8.05
14,Bluff,0,AU,1558755267,37,-23.58,149.07,78.13,8.57
15,Iskateley,16,RU,1558755312,81,67.68,53.15,32.05,12.66
16,Rikitea,42,PF,1558755269,72,-23.12,-134.97,75.97,6.96
17,La Ronge,90,CA,1558755466,81,55.1,-105.3,46.4,11.41
18,Kavieng,36,PG,1558755265,65,-2.57,150.8,85.69,5.21
19,Batagay-Alyta,88,RU,1558755469,92,67.8,130.41,36.91,0.87
20,Repnoye,47,RU,1558755470,62,51.59,43.18,54.0,8.99
21,Whitehorse,75,CA,1558755371,35,60.72,-135.06,61.0,4.7
22,Quelimane,75,MZ,1558755473,94,-17.88,36.89,68.0,3.36
23,Punta Arenas,40,CL,1558755429,86,-53.16,-70.91,37.4,10.29
24,Tura,100,IN,1558755475,87,25.52,90.21,81.55,6.33
25,Thompson,90,CA,1558755287,93,55.74,-97.86,41.0,5.82
26,Mataura,88,NZ,1558755264,62,-46.19,168.86,60.01,7.0
27,Sorland,1,NO,1558755272,77,67.67,12.69,41.05,26.42
28,Tasiilaq,0,GL,1558755330,92,65.61,-37.64,26.6,2.24
29,Tiksi,74,RU,1558755275,96,71.64,128.87,32.23,7.87
30,New Norfolk,75,AU,1558755261,38,-42.78,147.06,60.8,20.8
31,Lasa,40,CY,1558755374,77,34.92,32.53,68.0,5.82
32,Albany,90,US,1558755264,63,42.65,-73.75,60.8,2.48
33,Laguna,64,MX,1558755487,26,27.52,-110.01,77.41,5.55
34,Abu Kamal,62,SY,1558755332,14,34.45,40.92,91.81,10.96
35,Burnie,97,AU,1558755489,76,-41.05,145.91,59.0,11.01
36,Chuy,0,UY,1558755304,80,-33.69,-53.46,57.43,8.93
37,Semme,0,FR,1558755492,87,46.2,1.5,53.01,11.41
38,Jinchang,100,CN,1558755493,16,38.52,102.19,58.15,6.02
39,San Patricio,28,PY,1558755400,94,-26.98,-56.83,54.01,2.66
40,Pangnirtung,1,CA,1558755306,78,66.15,-65.72,26.29,0.63
41,Hamilton,40,CA,1558755217,87,43.26,-79.87,61.0,5.82
42,Oussouye,0,SN,1558755498,88,12.49,-16.54,71.6,2.24
43,Kaseda,0,JP,1558755500,37,31.42,130.32,93.99,5.82
44,Cortez,1,US,1558755501,57,37.35,-108.58,51.8,5.17
45,Yellowknife,20,CA,1558755292,33,62.45,-114.38,44.6,6.93
46,Bethel,40,US,1558755161,39,60.79,-161.76,66.2,11.41
47,Mitsamiouli,20,KM,1558755505,78,-11.38,43.28,73.4,3.36
48,Ternate,20,PH,1558755339,59,14.29,120.72,91.99,6.93
49,Puerto Ayora,64,EC,1558755287,95,-0.74,-90.35,75.0,1.01
50,Moche,100,PE,1558755508,88,-8.17,-79.01,66.2,8.05
51,Atuona,41,PF,1558755259,77,-9.8,-139.03,81.91,14.54
52,Ostrovnoy,49,RU,1558755381,57,68.05,39.51,37.09,16.71
53,Norman Wells,75,CA,1558755272,42,65.28,-126.83,66.2,10.29
54,Kenai,1,US,1558755513,39,60.55,-151.26,62.6,10.29
55,Khatanga,6,RU,1558755300,95,71.98,102.47,30.79,3.89
56,Castro,90,CL,1558755307,100,-42.48,-73.76,48.2,6.93
57,Oranjemund,0,ZA,1558755517,46,-28.55,16.43,67.33,8.23
58,Chara,20,GR,1558755518,82,39.42,22.43,55.4,4.25
59,Florianopolis,75,BR,1558755520,77,-27.6,-48.55,64.4,16.11
60,Hobart,75,AU,1558754967,38,-42.88,147.33,60.8,20.8
61,Padang,20,ID,1558755522,66,-0.92,100.36,87.8,2.24
62,Vao,94,EE,1558755370,88,59.1,26.19,49.51,5.97
63,Touros,40,BR,1558755371,88,-5.2,-35.46,78.8,3.36
64,Karoi,1,ZW,1558755526,84,-16.82,29.68,54.55,5.88
65,Dingle,100,PH,1558755391,44,11.0,122.67,92.53,6.76
66,Vaitape,39,PF,1558755530,73,-16.52,-151.75,82.63,10.04
67,Cape Town,0,ZA,1558755285,93,-33.93,18.42,60.01,3.36
68,Lebu,20,ET,1558755533,51,8.96,38.73,59.0,4.7
69,Garowe,28,SO,1558755535,70,8.41,48.48,79.39,6.11
70,Port Alfred,0,ZA,1558755272,72,-33.59,26.89,53.47,4.43
71,Hilo,40,US,1558755537,61,19.71,-155.08,80.6,6.93
72,Faanui,39,PF,1558755539,73,-16.48,-151.75,82.63,10.04
73,Vanderhoof,79,CA,1558755540,62,54.02,-124.02,60.13,3.8
74,Narsaq,75,GL,1558755341,27,60.91,-46.05,53.6,32.21
75,Dodoma,94,TZ,1558755543,75,-6.18,35.75,67.51,3.65
76,Brae,97,GB,1558755544,93,60.4,-1.35,48.2,9.17
77,Ushuaia,20,AR,1558755545,74,-54.81,-68.31,37.4,6.93
78,Ponta do Sol,99,BR,1558755547,97,-20.63,-46.0,62.11,7.4
79,Dikson,0,RU,1558755548,84,73.51,80.55,28.99,14.32
80,Pamanukan,56,ID,1558755549,49,-6.28,107.82,89.11,3.33
81,Muncar,100,ID,1558755551,81,-8.43,114.34,78.13,5.23
82,Port Hardy,40,CA,1558755377,66,50.7,-127.42,53.6,14.99
83,Qaanaaq,100,GL,1558755553,83,77.48,-69.36,31.87,3.47
84,Sagar,0,IN,1558755554,24,23.84,78.75,97.03,9.42
85,Flinders,0,AU,1558755348,22,-34.58,150.85,78.8,16.11
86,Guangyuan,80,CN,1558755557,52,32.43,105.86,82.81,2.01
87,Clarksburg,40,US,1558755558,72,39.24,-77.28,71.01,5.39
88,Vaini,40,IN,1558755262,74,15.34,74.49,78.8,3.36
89,Hithadhoo,43,MV,1558755344,72,-0.6,73.08,83.89,3.6
90,Sao Filipe,9,CV,1558755562,81,14.9,-24.5,72.55,15.84
91,Barhi,0,IN,1558755563,66,24.31,85.42,89.6,2.24
92,Viedma,100,AR,1558755565,34,-40.81,-62.99,55.09,5.41
93,Marawi,100,PH,1558755566,75,8.0,124.29,84.99,5.99
94,Souillac,0,FR,1558755567,81,45.6,-0.6,55.0,8.05
95,Busselton,13,AU,1558755568,51,-33.64,115.35,62.01,8.08
96,Druskininkai,27,LT,1558755570,93,54.02,23.98,51.8,8.95
97,Lagoa,0,PT,1558755571,27,37.14,-8.45,75.2,14.99
98,Kruisfontein,0,ZA,1558755573,69,-34.0,24.73,51.31,3.38
99,Itoman,75,JP,1558755574,51,26.12,127.67,82.4,10.29
100,Kodiak,75,US,1558755575,77,39.95,-94.76,69.8,9.17
101,Pacific Grove,90,US,1558755577,76,36.62,-121.92,63.0,8.05
102,Tuktoyaktuk,20,CA,1558755578,86,69.44,-133.03,37.4,8.05
103,Los Llanos de Aridane,90,ES,1558755580,72,28.66,-17.92,68.0,16.11
104,Avarua,100,CK,1558755299,88,-21.21,-159.78,71.6,5.82
105,Maua,80,KE,1558755582,99,0.23,37.94,50.95,6.2
106,Noumea,40,NC,1558755412,58,-22.28,166.46,82.4,9.17
107,Provideniya,48,RU,1558755349,71,64.42,-173.23,41.05,8.32
108,Naryan-Mar,16,RU,1558755586,81,67.67,53.09,32.05,12.66
109,Bibiani,95,GH,1558755587,99,6.45,-2.31,73.45,1.79
110,Stephenville Crossing,5,CA,1558755589,86,48.5,-58.44,37.4,3.36
111,Barrow,36,AR,1558755590,43,-38.31,-60.23,53.47,11.36
112,San Cristobal,90,EC,1558755591,93,-0.39,-78.55,57.2,2.24
113,Bredasdorp,38,ZA,1558755593,93,-34.53,20.04,55.99,4.7
114,Longyearbyen,40,NO,1558755594,57,78.22,15.63,21.2,18.34
115,Port Lincoln,12,AU,1558755596,68,-34.72,135.86,60.85,24.7
116,Inhambane,0,MZ,1558755597,91,-23.87,35.38,59.95,2.98
117,Perelyub,0,RU,1558755598,62,51.87,50.37,46.99,10.18
118,Esperance,20,TT,1558755600,88,10.24,-61.45,81.0,6.93
119,Malanje,47,AO,1558755601,65,-9.54,16.35,64.99,3.58
120,Torbay,5,CA,1558755602,86,47.66,-52.73,44.01,14.99
121,Chokurdakh,100,RU,1558755310,100,70.62,147.9,34.39,5.37
122,Wollongong,0,AU,1558755345,24,-34.42,150.89,80.01,8.05
123,Samarai,92,PG,1558755606,92,-10.62,150.67,77.05,5.66
124,Painesville,75,US,1558755608,67,41.72,-81.25,64.99,4.7
125,Santa Cruz de Tenerife,75,ES,1558755609,93,28.47,-16.25,69.01,21.92
126,Dehloran,0,IR,1558755610,20,32.69,47.27,80.29,9.91
127,Ribeira Grande,11,PT,1558755612,93,38.52,-28.7,64.81,16.51
128,Birobidzhan,4,RU,1558755613,53,48.79,132.93,78.49,6.26
129,Jamestown,6,AU,1558755459,59,-33.21,138.6,63.37,15.59
130,Constitucion,5,MX,1558755615,15,23.99,-104.67,75.2,8.05
131,Palmerston,1,CA,1558755617,87,43.83,-80.85,57.99,3.78
132,Bealanana,6,MG,1558755618,90,-14.54,48.75,60.13,7.05
133,Kimberley,0,ZA,1558755619,87,-28.74,24.76,42.8,2.24
134,Nikolskoye,90,RU,1558755621,93,59.7,30.79,52.0,2.24
135,Saint-Philippe,40,CA,1558755622,87,45.36,-73.48,55.99,4.7
136,Hambantota,20,LK,1558755623,94,6.12,81.12,82.4,11.41
137,East London,0,ZA,1558755625,100,-33.02,27.91,55.4,4.7
138,Ilhabela,58,BR,1558755474,63,-23.78,-45.36,74.89,21.07
139,Carnarvon,0,ZA,1558755627,35,-30.97,22.13,57.61,5.41
140,Georgetown,75,GY,1558755372,100,6.8,-58.16,73.4,4.7
141,Port Arthur,1,US,1558755630,88,29.9,-93.93,78.8,6.93
142,Port Macquarie,87,AU,1558755426,40,-31.43,152.91,75.99,4.7
143,Severo-Kurilsk,98,RU,1558755632,97,50.68,156.12,39.43,11.95
144,Lebedyan,0,RU,1558755634,71,53.01,39.13,51.8,6.71
145,Sao Joao da Barra,97,BR,1558755623,78,-21.64,-41.05,73.09,5.32
146,Horve,68,DK,1558755636,81,55.75,11.45,52.0,3.36
147,Zambezi,0,ZM,1558755638,66,-13.55,23.12,54.37,5.41
148,Atambua,28,ID,1558755357,66,-9.11,124.89,85.51,3.65
149,Toccoa,1,US,1558755640,78,34.58,-83.33,79.0,4.16
150,Erzin,0,TR,1558755642,83,36.95,36.2,73.99,4.7
151,Mbekenyera,0,TZ,1558755643,96,-10.0,38.98,66.07,4.21
152,Lima,90,PE,1558755396,88,-12.06,-77.04,64.4,10.29
153,Butaritari,100,KI,1558755646,75,3.07,172.79,84.61,7.9
154,Forestville,40,CA,1558755647,81,48.74,-69.09,46.4,9.17
155,Carbonia,20,IT,1558755648,93,39.17,8.53,55.4,3.36
156,Mongu,0,ZM,1558755650,67,-15.27,23.14,55.27,5.14
157,Ambositra,30,MG,1558755651,97,-20.53,47.24,52.57,3.74
158,Merritt,75,CA,1558755652,67,50.11,-120.79,60.8,13.87
159,Ketchikan,75,US,1558755654,62,55.34,-131.65,53.6,17.22
160,Asyut,0,EG,1558755655,35,27.18,31.19,78.67,18.5
161,Lev Tolstoy,0,RU,1558755656,71,53.21,39.45,51.8,6.71
162,Copiapo,100,CL,1558755658,81,-27.37,-70.33,53.6,3.36
163,Muli,0,IN,1558755659,54,22.62,71.45,85.87,12.17
164,Hasaki,0,JP,1558755660,35,35.73,140.83,91.0,5.82
165,Ratnagiri,88,IN,1558755662,77,16.98,73.3,84.79,8.48
166,Puerto Leguizamo,33,CO,1558755663,96,-0.19,-74.78,71.65,1.63
167,Lompoc,20,US,1558755664,77,34.64,-120.46,62.01,9.17
168,Cravo Norte,80,CO,1558755666,78,6.3,-70.2,79.03,1.19
169,Kirakira,55,SB,1558755667,72,-10.46,161.92,83.17,11.61
170,Kosh-Agach,0,RU,1558755668,17,49.99,88.66,43.75,6.87
171,Ust-Nera,61,RU,1558755670,47,64.57,143.24,49.15,4.81
172,Nishihara,0,JP,1558755671,22,35.74,139.53,91.0,5.82
173,Pithoragarh,0,IN,1558755672,22,29.59,80.22,78.67,4.25
174,Mar del Plata,38,AR,1558755673,63,-46.43,-67.52,49.51,11.07
175,Nova Gradiska,0,HR,1558755571,100,45.26,17.38,51.01,1.34
176,Tilichiki,100,RU,1558755676,92,60.47,166.1,38.71,7.54
177,Shirokiy,86,RU,1558755677,83,53.87,39.17,47.53,9.75
178,Mana,20,RS,1558755679,100,43.52,20.24,51.8,2.24
179,Linjiang,79,CN,1558755680,31,41.81,126.91,80.47,14.54
180,Mahajanga,20,MG,1558755681,78,-15.72,46.32,73.4,6.93
181,Katsuura,20,JP,1558755683,53,33.93,134.5,86.0,4.7
182,Tigre,0,AR,1558755684,71,-34.42,-58.58,55.99,3.36
183,Alaca,18,TR,1558755686,89,40.17,34.84,55.99,2.39
184,Haines Junction,60,CA,1558755687,49,60.75,-137.51,54.01,6.8
185,Hohhot,0,CN,1558755688,29,40.81,111.65,78.8,6.71
186,Campbell River,20,CA,1558755690,51,50.02,-125.24,60.8,19.46
187,Eliot,40,US,1558755691,81,43.15,-70.8,53.6,1.74
188,Nhulunbuy,75,AU,1558755692,69,-12.18,136.78,82.4,12.75
189,Yongan,3,CN,1558755694,21,39.7,113.69,81.73,6.6
190,Santa Cruz,1,US,1558755577,93,36.97,-122.03,64.0,5.82
191,Perehonivka,0,UA,1558755698,93,49.98,30.49,61.0,6.71
192,Verkhnyaya Inta,100,RU,1558755699,74,65.99,60.32,29.53,21.5
193,Faya,75,SA,1558755700,67,18.39,42.45,64.4,2.28
194,Constancia,0,CU,1558755702,83,22.24,-80.58,75.2,5.82
195,Mogadishu,64,SO,1558755492,83,2.04,45.34,78.31,8.93
196,Winnemucca,90,US,1558755426,76,40.97,-117.74,53.6,6.93
197,Kidal,100,ML,1558755705,16,18.44,1.41,92.89,10.54
198,Barguzin,4,RU,1558755707,47,53.62,109.63,40.87,10.02
199,Formosa,0,AR,1558755708,93,-26.19,-58.17,55.4,3.36
200,Yumen,0,CN,1558755710,13,40.29,97.04,63.19,19.42
201,Avera,1,US,1558755711,74,33.19,-82.53,82.99,2.48
202,Tlacotepec,75,MX,1558755712,72,18.96,-99.93,59.0,8.05
203,Airai,26,TL,1558755714,47,-8.93,125.41,90.19,1.19
204,Kununurra,0,AU,1558755715,22,-15.77,128.74,89.6,10.29
205,Natal,20,BR,1558755716,88,-5.81,-35.21,78.8,6.93
206,Grindavik,0,IS,1558755718,93,63.84,-22.43,45.0,8.05
207,Kolpny,100,RU,1558755719,91,52.23,37.04,54.37,9.75
208,Pasighat,36,IN,1558755720,55,28.06,95.33,79.93,1.95
209,Beringovskiy,2,RU,1558755722,73,63.05,179.32,46.45,7.4
210,Vestmannaeyjar,0,IS,1558755723,84,63.44,-20.27,46.63,3.85
211,College,90,US,1558755724,48,64.86,-147.8,66.2,5.39
212,Oriximina,100,BR,1558755725,88,-1.77,-55.87,77.23,2.75
213,Mapimi,5,MX,1558755727,35,25.82,-103.85,87.8,19.46
214,Anadyr,19,RU,1558755728,80,64.73,177.51,39.2,11.18
215,Thinadhoo,82,MV,1558755729,71,0.53,72.93,85.33,9.06
216,Coahuayana,96,MX,1558755731,31,18.62,-100.35,90.01,0.87
217,Snezhnogorsk,0,RU,1558755732,64,69.19,33.23,39.2,6.71
218,Rabo de Peixe,20,PT,1558755733,93,37.8,-25.58,62.6,3.36
219,Chak Jhumra,0,PK,1558755735,37,31.57,73.18,87.49,7.09
220,Dunedin,0,NZ,1558755600,54,-45.87,170.5,61.0,7.0
221,Xining,100,CN,1558755737,51,36.62,101.77,52.03,6.11
222,Saint George,20,GR,1558755738,82,39.45,22.34,55.4,4.25
223,North Bend,90,US,1558755728,76,43.41,-124.22,54.0,10.29
224,Trail,100,CA,1558755741,84,49.1,-117.71,55.99,1.01
225,Juybar,0,IR,1558755707,78,36.64,52.91,73.4,13.87
226,Shahrud,100,IR,1558755481,66,36.42,54.97,50.23,5.68
227,Wajir,75,KE,1558755745,83,1.75,40.07,77.0,4.7
228,Pisco,90,PE,1558755746,77,-13.71,-76.2,66.2,6.93
229,Praia da Vitoria,40,PT,1558755747,93,38.73,-27.07,64.99,14.34
230,Shache,100,CN,1558755749,85,38.42,77.24,64.99,14.99
231,Cardston,90,CA,1558755750,62,49.2,-113.32,57.2,4.05
232,Ruidoso,1,US,1558755736,18,33.33,-105.67,68.0,5.82
233,Victor Harbor,75,AU,1558755753,87,-35.55,138.62,62.01,16.11
234,Amarwara,0,IN,1558755754,19,22.3,79.17,94.33,14.23
235,Medicine Hat,75,CA,1558755484,47,50.04,-110.68,64.0,6.93
236,Cobija,33,BR,1558755757,88,-11.02,-68.77,67.51,3.87
237,Puerto Escondido,40,MX,1558755758,83,15.86,-97.07,82.4,9.17
238,Argelia,20,CO,1558755759,100,4.73,-76.12,68.0,6.93
239,Chulman,100,RU,1558755761,50,56.84,124.9,46.45,14.83
240,Quatre Cocos,75,MU,1558755762,88,-20.21,57.76,73.99,3.36
241,Zlotow,0,PL,1558755763,87,53.36,17.04,55.0,5.82
242,Waipawa,1,NZ,1558755764,65,-39.94,176.59,57.0,3.29
243,Nanae,20,JP,1558755766,72,41.94,140.7,64.4,13.87
244,Mareeba,15,AU,1558755767,61,-16.99,145.42,82.4,12.75
245,Ahipara,8,NZ,1558755769,81,-35.17,173.16,69.01,7.94
246,Cerquilho,20,BR,1558755770,87,-23.16,-47.74,57.2,8.05
247,Yunyang,100,CN,1558755771,44,32.84,110.81,84.07,2.84
248,Adrar,0,DZ,1558755772,15,27.87,-0.29,80.6,9.17
249,Plettenberg Bay,0,ZA,1558755774,52,-34.05,23.37,58.33,2.35
250,Kaspiysk,87,RU,1558755775,82,42.88,47.64,66.2,11.18
251,Forbes,0,AU,1558755777,32,-33.38,148.01,75.0,13.02
252,Geraldton,90,CA,1558755778,93,49.72,-86.95,50.0,3.36
253,Sibolga,98,ID,1558755779,73,1.74,98.78,82.81,4.97
254,Harbour Breton,99,CA,1558755781,81,47.48,-55.8,42.85,7.87
255,Youghal,75,IE,1558755782,87,51.95,-7.85,55.99,4.7
256,Huarmey,77,PE,1558755783,91,-10.07,-78.15,63.73,14.81
257,Nara,0,JP,1558755784,27,34.68,135.8,93.0,8.05
258,Arraial do Cabo,98,BR,1558755786,81,-22.97,-42.02,75.61,7.4
259,Cherskiy,9,RU,1558755787,52,68.75,161.3,58.87,12.37
260,Krasnoarmeysk,75,RU,1558755788,62,56.12,38.15,55.4,8.95
261,Pangai,75,TO,1558755790,74,-19.8,-174.35,78.8,17.22
262,Elko,90,US,1558755791,76,40.83,-115.76,50.0,6.93
263,Bathsheba,40,BB,1558755793,78,13.22,-59.52,80.6,17.22
264,Amapa,75,HN,1558755794,83,15.09,-87.97,80.6,9.17
265,Mahebourg,75,MU,1558755795,88,-20.41,57.7,73.99,3.36
266,Klaksvik,98,FO,1558755796,86,62.23,-6.59,39.2,4.7
267,Gizo,0,IL,1558755798,88,31.8,34.94,73.0,4.7
268,Bambous Virieux,75,MU,1558755799,88,-20.34,57.76,73.99,3.36
269,Luderitz,0,NA,1558755800,26,-26.65,15.16,69.8,3.36
270,Vilhena,80,BR,1558755802,89,-12.74,-60.15,65.71,3.04
271,Manacapuru,20,BR,1558755803,94,-3.3,-60.62,75.2,5.82
272,Camacha,75,PT,1558755588,82,33.08,-16.33,64.4,14.99
273,Tocopilla,0,CL,1558755639,88,-22.09,-70.2,62.11,7.47
274,Ribas do Rio Pardo,0,BR,1558755807,83,-20.45,-53.76,52.03,5.3
275,Madimba,75,CM,1558755808,100,4.42,9.93,78.8,1.12
276,Grand Gaube,75,MU,1558755809,88,-20.01,57.66,73.99,3.36
277,San Quintin,90,PH,1558755811,48,17.54,120.52,93.43,8.81
278,Coquimbo,0,CL,1558755607,93,-29.95,-71.34,51.8,3.36
279,Zhangye,99,CN,1558755813,16,38.94,100.46,56.53,6.78
280,Palaikastron,0,GR,1558755814,64,35.2,26.25,63.0,4.0
281,Muzhi,100,RU,1558755816,60,65.4,64.7,32.95,27.83
282,Broken Hill,92,AU,1558755817,27,-31.97,141.45,73.4,19.46
283,Hofn,70,IS,1558755818,96,64.25,-15.21,30.79,2.42
284,Karratha,0,AU,1558755820,27,-20.74,116.85,88.93,1.19
285,Jangipur,100,IN,1558755821,62,24.46,88.11,91.81,6.71
286,Severobaykalsk,55,RU,1558755822,79,55.65,109.32,32.77,6.96
287,Tuatapere,100,NZ,1558755824,62,-46.13,167.69,60.01,8.01
288,Adeje,100,NG,1558755825,86,5.68,5.76,79.57,1.05
289,Bonavista,67,CA,1558755826,83,48.65,-53.11,44.01,13.0
290,Fairbanks,90,US,1558755828,48,64.84,-147.72,66.2,5.39
291,Diego de Almagro,100,CL,1558755829,49,-26.39,-70.05,57.79,0.45
292,Burgeo,100,CA,1558755830,73,47.61,-57.61,43.21,12.08
293,Burg,97,DE,1558755832,81,52.27,11.86,53.01,6.08
294,Rio Grande,0,BR,1558755833,83,-32.03,-52.1,48.07,4.16
295,Port Elizabeth,1,US,1558755835,52,39.31,-74.98,70.0,8.05
296,Caravelas,0,BR,1558755836,80,-17.73,-39.27,76.15,7.18
297,Kodinsk,22,RU,1558755837,36,58.6,99.18,57.25,6.82
298,Seoul,1,KR,1558755835,34,37.57,126.98,82.4,4.7
299,Balatonkenese,0,HU,1558755840,100,47.03,18.11,48.2,2.24
300,Tual,100,ID,1558755841,74,-5.67,132.75,84.07,11.83
301,Bandarbeyla,24,SO,1558755843,71,9.49,50.81,79.03,4.88
302,Khasan,100,RU,1558755844,35,42.43,130.64,83.89,6.85
303,Basse,75,DE,1558755846,87,52.55,9.51,53.01,5.82
304,Mahibadhoo,98,MV,1558755847,74,3.78,72.97,85.15,10.07
305,Bargi,0,IN,1558755848,28,22.99,79.88,93.2,6.93
306,Conakry,100,GN,1558755850,76,9.52,-13.7,82.27,4.85
307,Shelburne,20,CA,1558755851,93,44.08,-80.2,61.0,4.7
308,Puerto Carreno,100,CO,1558755852,76,6.19,-67.49,79.21,5.64
309,Meulaboh,100,ID,1558755853,75,4.14,96.13,82.45,4.74
310,Arica,90,CL,1558755855,82,-18.48,-70.32,60.8,3.36
311,Klatovy,20,CZ,1558755856,100,49.4,13.29,53.01,2.68
312,Lamu,36,ID,1558755858,57,0.57,122.3,86.59,4.72
313,Ancud,90,CL,1558755859,100,-41.87,-73.83,48.2,6.93
314,Husavik,100,CA,1558755860,98,50.56,-96.99,48.99,8.59
315,Cuamba,0,MZ,1558755862,95,-14.8,36.54,59.41,5.08
316,Hirara,20,JP,1558755863,51,24.8,125.28,82.4,16.11
317,Ilulissat,0,GL,1558755864,74,69.22,-51.1,37.4,4.7
318,Zhezkazgan,40,KZ,1558755866,39,47.8,67.71,64.4,15.66
319,Pyaozerskiy,94,RU,1558755867,86,65.83,31.17,36.37,6.6
320,Kelso,90,US,1558755868,81,46.14,-122.91,57.2,3.98
321,Buraydah,0,SA,1558755870,43,26.33,43.97,73.4,8.05
322,Saint-Augustin,0,FR,1558755871,93,44.83,-0.61,59.0,3.36
323,Taguatinga,0,BR,1558755872,88,-15.83,-48.06,64.4,2.24
324,Ler,75,NO,1558755874,57,63.2,10.3,48.2,13.87
325,Nha Trang,20,VN,1558755875,66,12.24,109.19,91.4,5.82
326,Vila Franca do Campo,20,PT,1558755877,93,37.72,-25.43,62.6,3.36
327,Nkwerre,99,NG,1558755878,96,5.75,7.12,75.07,4.21
328,San Ignacio,100,CL,1558755880,100,-36.8,-72.03,55.0,6.93
329,Picota,20,PE,1558755881,290,-6.92,-76.33,62.6,1.52
330,Fortuna,40,ES,1558755883,87,38.18,-1.13,62.01,3.36
331,Kyzyl-Suu,98,KG,1558755884,74,42.34,78.0,52.57,8.46
332,Yima,9,CN,1558755885,39,34.75,111.87,83.35,5.73
333,Komsomolskiy,100,RU,1558755886,91,67.55,63.78,24.13,25.28
334,Ulladulla,0,AU,1558755888,22,-35.36,150.48,78.8,16.11
335,Virklund,45,DK,1558755889,87,56.13,9.56,51.01,11.41
336,Huilong,100,CN,1558755890,95,28.89,110.18,70.21,1.43
337,Itarema,22,BR,1558755892,93,-2.92,-39.92,75.79,4.63
338,Ferrol,90,ES,1558755682,93,43.48,-8.23,57.0,2.24
339,Karpogory,100,RU,1558755895,50,64.0,44.44,39.07,3.58
340,Isabela,100,PH,1558755896,62,10.2,122.99,87.13,1.77
341,Praia,0,BR,1558755897,88,-20.25,-43.81,64.4,4.12
342,Gaoua,100,BF,1558755899,85,10.33,-3.18,78.13,6.08
343,Bereznik,97,RU,1558755900,51,62.86,42.71,40.87,5.39
344,Kahama,66,TZ,1558755901,84,-3.83,32.6,63.73,5.26
345,Poum,40,MK,1558755903,87,41.28,20.71,46.4,2.24
346,Lamar,1,US,1558755646,72,38.09,-102.62,59.0,10.02
347,Balabac,100,PH,1558755905,69,7.99,117.06,84.79,1.88
348,Bagru,0,IN,1558755907,32,26.81,75.54,93.2,2.24
349,Lloydminster,90,CA,1558755908,81,53.28,-110.01,53.6,5.82
350,Sitka,100,US,1558755910,95,37.17,-99.65,63.0,4.0
351,Marsh Harbour,0,BS,1558755630,74,26.54,-77.06,75.79,17.49
352,Tiarei,40,PF,1558755912,65,-17.53,-149.33,82.4,12.75
353,Yerbogachen,100,RU,1558755776,36,61.28,108.01,48.61,11.81
354,Athabasca,29,CA,1558755784,44,54.72,-113.29,57.79,6.76
355,Luena,0,AO,1558755916,59,-11.78,19.91,54.01,3.24
356,Cap Malheureux,75,MU,1558755917,88,-19.98,57.61,73.99,3.36
357,Evensk,15,RU,1558755919,55,61.92,159.24,55.99,6.49
358,Moose Factory,75,CA,1558755920,93,51.26,-80.61,37.4,12.75
359,Rio Gallegos,20,AR,1558755921,80,-51.62,-69.22,35.6,8.05
360,Curvelo,96,BR,1558755923,82,-18.76,-44.43,67.33,3.56
361,Yulara,52,AU,1558755924,21,-25.24,130.99,80.6,5.82
362,Abilene,1,US,1558755926,78,32.45,-99.73,78.01,20.8
363,Pandan,100,PH,1558755927,72,11.72,122.09,85.51,8.77
364,Salalah,40,OM,1558755928,84,17.01,54.1,86.0,2.24
365,Nome,1,US,1558755930,88,30.04,-94.42,81.0,6.93
366,Gorontalo,36,ID,1558755920,60,0.54,123.06,87.49,7.02
367,Salinas,20,US,1558755932,82,36.67,-121.66,62.01,8.05
368,Sibu,75,MY,1558755934,66,2.29,111.83,87.8,4.7
369,Pimentel,87,BR,1558755935,98,-3.7,-45.5,72.73,2.48
370,Fukue,0,JP,1558755936,53,35.03,136.69,91.99,3.36
371,Atasu,100,KZ,1558755938,33,48.68,71.64,63.01,18.79
372,Jalu,0,LY,1558755939,27,29.03,21.55,72.01,9.01
373,Aksarka,100,RU,1558755940,90,66.56,67.8,29.35,10.42
374,Guanica,40,PR,1558755919,94,17.97,-66.91,80.01,7.63
375,Lavrentiya,99,RU,1558755943,61,65.58,-170.99,44.65,5.44
376,Taltal,85,CL,1558755944,63,-25.41,-70.49,59.59,1.92
377,Denpasar,20,ID,1558755945,74,-8.65,115.22,84.2,10.29
378,Ayan,100,TR,1558755947,96,40.67,33.6,46.81,4.59
379,Newport,90,GB,1558755809,93,51.59,-3.0,55.0,8.05
380,Kiomboi,21,TZ,1558755949,79,-4.28,34.41,64.63,4.92
381,Bitung,20,ID,1558755951,55,1.44,125.19,89.6,2.24
382,Santa Marta,90,CO,1558755952,70,11.24,-74.21,84.2,9.17
383,Marrakesh,0,MA,1558755954,67,31.63,-7.99,60.8,4.7
384,Narrabri,100,AU,1558755955,31,-30.33,149.78,73.4,4.7
385,Sur,17,OM,1558755956,29,22.57,59.53,91.27,4.5
386,Yibin,28,CN,1558755958,48,28.77,104.64,89.11,2.59
387,Menongue,2,AO,1558755959,51,-14.66,17.68,53.65,4.81
388,Benguela,3,AO,1558755960,73,-12.58,13.4,77.23,5.97
389,Talnakh,0,RU,1558755961,69,69.49,88.39,37.4,38.03
390,Springbok,58,ZA,1558755963,19,-29.67,17.88,70.75,8.46
391,Cananea,1,MX,1558755914,12,30.98,-110.3,68.0,9.17
392,Khromtau,0,KZ,1558755966,61,50.26,58.44,46.09,17.85
393,Mafeteng,0,LS,1558755967,55,-29.82,27.24,48.25,1.21
394,Portland,90,US,1558755705,66,45.52,-122.67,57.0,6.93
395,Mineiros,49,BR,1558755970,97,-17.57,-52.55,57.97,5.39
396,Mount Pleasant,1,US,1558755971,88,33.16,-94.97,80.6,4.7
397,Road Town,1,VG,1558755973,74,18.42,-64.62,82.4,8.05
398,Flin Flon,100,CA,1558755974,88,54.77,-101.88,47.17,6.64
399,Balikpapan,54,ID,1558755975,85,-1.24,116.86,83.35,3.4
400,Yar-Sale,100,RU,1558755977,95,66.83,70.83,28.45,7.05
401,Kushiro,0,JP,1558755978,42,43.11,144.15,68.0,12.75
402,Saint-Joseph,90,FR,1558755979,93,43.56,6.97,62.6,2.64
403,Namibe,1,AO,1558755981,74,-15.19,12.15,72.37,12.44
404,Maldonado,10,UY,1558755982,75,-34.91,-54.96,59.41,14.41
405,Cockburn Town,4,TC,1558755983,79,21.46,-71.14,80.47,15.05
406,Manavalakurichi,75,IN,1558755985,88,8.13,77.3,82.4,8.05
407,Veraval,0,FR,1558755986,87,49.65,0.71,53.6,6.93
408,Fort Dodge,1,US,1558755764,93,42.5,-94.17,70.0,3.36
409,Strathmore,75,CA,1558755989,71,51.04,-113.4,53.01,10.29
410,Drayton Valley,100,CA,1558755900,84,53.22,-114.98,51.85,3.56
411,Russkaya Polyana,100,RU,1558755991,48,53.78,73.88,66.79,19.06
412,Kaitangata,100,NZ,1558755992,63,-46.28,169.85,57.0,1.01
413,Fort Nelson,40,CA,1558755994,37,58.81,-122.69,68.0,2.24
414,Dingzhou,0,CN,1558755995,45,38.51,115.0,84.2,4.47
415,Abeche,75,TD,1558755996,10,13.83,20.83,81.55,4.05
416,La Macarena,89,CO,1558755998,94,2.18,-73.79,72.19,1.23
417,Kostomuksha,100,RU,1558755999,75,64.59,30.6,42.31,6.53
418,Slough,75,GB,1558755981,72,51.51,-0.59,59.0,4.7
419,Pedasi,100,PA,1558756002,89,7.53,-80.03,76.69,3.67
420,Nyurba,16,RU,1558756003,39,63.29,118.35,52.03,10.71
421,Dawlatabad,0,AF,1558756004,25,36.41,64.91,73.99,2.82
422,Mwense,11,ZM,1558756006,82,-10.39,28.7,59.05,3.42
423,Cururupu,33,BR,1558756007,98,-1.82,-44.87,73.27,0.89
424,Rondonopolis,24,BR,1558756009,89,-16.46,-54.64,61.03,2.71
425,Andra,29,RU,1558756010,48,62.52,65.89,36.91,14.47
426,Sungai Pelek,75,MY,1558756011,70,2.64,101.72,90.0,4.7
427,Bay Roberts,5,CA,1558756013,86,47.58,-53.28,44.01,14.99
428,Zaysan,58,KZ,1558756014,38,47.47,84.87,59.23,7.74
429,Desdunes,100,HT,1558756015,66,19.3,-72.65,83.35,4.99
430,Gazojak,1,TM,1558756017,36,41.19,61.4,75.07,7.99
431,Iqaluit,20,CA,1558756018,80,63.75,-68.52,30.2,3.36
432,Ä°zmit,40,TR,1558756019,88,40.76,29.93,63.0,6.93
433,Pevek,54,RU,1558755938,93,69.7,170.27,36.55,12.01
434,Boa Viagem,9,BR,1558755783,96,-5.13,-39.73,68.05,1.72
435,Clarence Town,54,AU,1558756023,36,-32.59,151.78,75.99,12.75
436,Upata,100,VE,1558756024,92,8.02,-62.41,73.63,5.64
437,Kavaratti,40,IN,1558756026,74,10.57,72.64,86.0,9.17
438,Margate,75,AU,1558756028,38,-43.03,147.26,60.8,20.8
439,Arman,100,RU,1558756029,86,59.7,150.17,42.13,2.82
440,Isangel,40,VU,1558756030,78,-19.55,169.27,80.6,3.36
441,Grants,1,US,1558756031,19,35.15,-107.85,55.4,9.17
442,Bullhead City,1,US,1558755768,18,35.15,-114.57,80.6,3.36
443,Lundazi,6,ZM,1558756034,84,-12.29,33.17,58.69,8.66
444,Jurm,0,AF,1558756036,44,36.86,70.83,52.39,4.34
445,Junin,0,PE,1558756037,20,-16.45,-71.58,51.8,8.05
446,Saldanha,0,PT,1558756038,70,41.42,-6.55,50.77,2.66
447,Khash,0,IR,1558756039,25,28.22,61.21,69.85,2.8
448,Kennett,1,US,1558756041,69,36.24,-90.06,80.6,5.82
449,Ondjiva,0,AO,1558756042,33,-17.07,15.73,59.95,7.76
450,Venice,1,US,1558755990,61,27.1,-82.45,79.0,10.29
451,Necochea,29,AR,1558756045,74,-38.55,-58.74,53.01,4.0
452,Ixtapa,5,MX,1558756046,83,20.71,-105.21,78.8,6.93
453,Uglegorsk,16,RU,1558756047,66,49.08,142.06,54.73,15.23
454,Zarubino,92,RU,1558756049,27,42.65,131.06,87.13,9.31
455,Kintampo,86,GH,1558756050,91,8.05,-1.73,75.61,6.69
456,La Tuque,0,CA,1558756051,90,47.44,-72.79,47.89,3.09
457,Cabo San Lucas,5,MX,1558755868,60,22.89,-109.91,75.0,4.7
458,Salug,100,PH,1558756054,56,8.11,122.76,90.55,2.57
459,Rehoboth,0,NA,1558756055,33,-23.31,17.08,55.63,4.27
460,Petropavlovsk-Kamchatskiy,75,RU,1558756057,93,53.05,158.65,48.2,6.71
461,Santa Maria del Oro,1,MX,1558756058,23,25.95,-105.37,73.27,20.0
462,Amahai,17,ID,1558756059,67,-3.31,129.0,85.33,6.38
463,Brigantine,1,US,1558756061,63,39.41,-74.36,66.2,10.29
464,Coihaique,90,CL,1558756062,81,-45.58,-72.07,48.2,2.24
465,Chaman,0,AF,1558756063,16,30.92,66.46,74.89,6.22
466,Predivinsk,94,RU,1558756065,46,57.07,93.44,57.25,8.81
467,Sioux Lookout,90,CA,1558756066,93,50.1,-91.92,46.4,5.82
468,Zabol,0,IR,1558756067,44,31.03,61.49,78.8,4.7
469,Imeni Poliny Osipenko,100,RU,1558756069,58,52.42,136.49,72.19,5.57
470,Allapalli,0,IN,1558756070,34,19.43,80.06,101.17,5.99
471,Zhanaozen,1,KZ,1558756071,64,43.35,52.85,65.53,3.15
472,Pogranichnyy,95,RU,1558756073,20,44.41,131.38,86.77,18.63
473,Morehead,1,US,1558756074,78,38.18,-83.43,75.2,3.36
474,Andrews,1,US,1558756075,73,32.32,-102.55,77.0,12.75
475,Nuuk,85,GL,1558756077,86,64.17,-51.74,39.0,10.29
476,Shimoda,20,JP,1558756078,65,34.7,138.93,84.2,4.7
477,Tondano,20,ID,1558756079,55,1.3,124.91,89.6,2.24
478,Togur,100,RU,1558756081,69,58.36,82.83,61.93,17.49
479,Juneau,40,US,1558755878,54,58.3,-134.42,57.0,10.29
480,Vostok,20,RU,1558756083,36,46.45,135.83,81.19,12.68
481,Cilegon,20,ID,1558756084,55,-6.02,106.05,87.8,5.82
482,Celestun,1,MX,1558756086,78,20.87,-90.4,82.63,22.68
483,Tacuarembo,0,UY,1558756087,76,-31.73,-55.98,46.99,3.65
484,Cardoso,53,BR,1558756088,90,-20.08,-49.91,58.51,3.83
485,Bardsir,0,IR,1558756090,40,29.93,56.57,68.0,4.7
486,Villiers,10,ZA,1558756091,57,-27.03,28.6,48.25,2.95
487,Mount Gambier,75,AU,1558756060,82,-37.83,140.78,59.0,17.22
488,Saquarema,98,BR,1558756094,94,-22.93,-42.51,77.0,3.36
489,Egvekinot,99,RU,1558755949,100,66.32,-179.17,31.69,5.44
490,Abancay,20,PE,1558756096,80,-13.64,-72.88,41.77,0.43
491,Zilair,0,RU,1558756098,70,52.23,57.44,38.89,10.16
492,Mirabad,0,IR,1558756099,25,28.27,61.33,69.85,2.8
493,Phangnga,40,TH,1558756100,66,8.45,98.53,89.6,6.93
494,Mariakani,90,KE,1558756102,84,-3.87,39.47,71.47,7.25
495,San Vicente,90,SV,1558756104,100,13.64,-88.78,75.2,4.7
496,Tromso,90,NO,1558756105,69,69.65,18.96,39.2,8.05
497,Lodja,80,CD,1558756106,81,-3.52,23.6,72.01,1.45
498,Palmer,75,AU,1558756108,87,-34.85,139.16,60.8,16.11
499,Ibra,20,OM,1558756109,24,22.69,58.55,85.87,1.57
500,Bangkal,75,PH,1558756111,66,7.07,125.56,89.01,6.93
501,Neuquen,0,AR,1558756112,61,-38.95,-68.06,48.2,4.7
502,Diamantino,0,BR,1558756113,82,-14.4,-56.44,66.25,5.03
503,Ileza,99,RU,1558756115,55,61.05,43.9,41.05,5.66
504,Eureka,90,US,1558756116,81,40.8,-124.16,54.0,14.99
505,Normandin,20,CA,1558756117,71,48.84,-72.53,51.8,8.05
506,Hami,0,CN,1558756119,8,42.84,93.51,68.95,3.74
507,Muros,40,ES,1558756120,100,42.77,-9.06,57.99,5.82
508,Matay,24,EG,1558756121,40,28.42,30.79,74.35,20.09
509,Sochi,100,RU,1558756123,68,43.6,39.73,66.2,8.95
510,Bandundu,84,CD,1558756124,67,-3.32,17.38,77.77,1.7
511,Deer Lake,5,CA,1558756125,75,49.18,-57.43,41.0,11.41
512,Estelle,1,US,1558756126,61,32.87,-97.01,82.4,5.82
513,Vanimo,34,PG,1558756128,72,-2.67,141.3,84.07,8.37
514,Toyooka,0,JP,1558756129,19,35.55,134.82,87.8,3.36
515,Waupun,90,US,1558756130,100,43.63,-88.73,64.0,6.93
516,Chiredzi,0,ZW,1558756132,83,-21.05,31.67,56.35,2.04
517,Aneho,20,TG,1558756133,94,6.23,1.6,75.2,2.24
518,San Carlos de Bariloche,40,AR,1558756134,81,-41.13,-71.31,48.2,10.29
519,Hurst,1,US,1558756136,61,32.82,-97.17,82.4,5.82
520,Poronaysk,99,RU,1558756137,59,49.22,143.1,62.65,12.62
521,Paamiut,100,GL,1558756138,63,61.99,-49.67,43.39,13.62
522,Waterbury,90,US,1558756140,59,41.56,-73.05,64.99,4.7
523,Mehamn,19,NO,1558755956,75,71.03,27.85,35.11,8.61
524,La Palma,100,CO,1558756142,93,5.36,-74.39,69.31,2.59
525,Ozernovskiy,96,RU,1558756144,94,51.5,156.52,41.95,9.22
526,Kalmunai,99,LK,1558756145,73,7.42,81.82,83.71,1.25
527,Staryy Nadym,99,RU,1558756146,80,65.61,72.68,31.51,17.43
528,Seymchan,25,RU,1558756148,40,62.93,152.39,58.15,10.58
529,Manzhouli,100,CN,1558756149,29,49.6,117.43,59.59,14.56
530,Miri,100,NG,1558756150,63,10.31,9.75,80.11,6.06
531,Ypsilanti,1,US,1558756066,72,42.24,-83.61,61.0,3.36
532,Mangan,5,IN,1558756153,43,27.5,88.54,67.33,6.67
533,Uray,2,RU,1558756154,45,60.13,64.8,37.81,13.35
534,Salta,0,AR,1558756155,86,-24.79,-65.41,41.0,4.7
535,Port Blair,100,IN,1558755859,72,11.67,92.75,86.41,10.87
536,Tahe,100,CN,1558756158,31,52.34,124.71,60.49,10.49
537,Eslov,14,SE,1558756159,87,55.84,13.3,52.0,8.05
538,Vila,0,IT,1558756161,93,45.18,8.4,62.01,2.24
539,Gladstone,0,AU,1558756162,50,-23.84,151.26,80.01,12.75
540,Bull Savanna,100,JM,1558756013,74,17.89,-77.59,79.57,4.16
541,Nouadhibou,75,MR,1558756165,88,20.93,-17.03,64.4,18.34
542,Berlevag,2,NO,1558756166,72,70.86,29.09,36.91,10.0
543,Kumano,0,JP,1558756167,30,34.34,132.59,80.6,8.05
544,North Platte,1,US,1558755969,67,41.12,-100.77,64.0,5.82
545,Barra do Corda,52,BR,1558756102,95,-5.5,-45.25,73.45,1.9
546,Ust-Maya,85,RU,1558756171,59,60.42,134.54,57.61,5.23
547,Erenhot,100,CN,1558756172,29,43.65,111.97,65.89,17.9
548,Paita,32,PE,1558756174,88,-5.09,-81.11,68.59,15.9
549,Soe,100,EE,1558756175,100,57.91,26.05,51.01,2.24
550,Sambava,1,MG,1558756177,88,-14.27,50.17,66.79,3.83
551,Ambilobe,0,MG,1558756178,84,-13.19,49.05,70.03,5.57
552,Iracoubo,71,GF,1558756179,89,5.48,-53.21,77.59,4.79
553,Ossora,100,RU,1558756181,90,59.24,163.07,39.43,7.52
554,Robertsport,100,LR,1558756182,93,6.75,-11.37,76.87,2.84
555,Porteirinha,0,BR,1558756184,63,-15.74,-43.03,72.91,3.58
556,Ucluelet,0,CA,1558756185,85,48.94,-125.55,63.0,13.89
557,Byron Bay,98,AU,1558756186,64,-28.65,153.62,75.99,6.93
558,Nyuksenitsa,100,RU,1558756187,57,60.41,44.24,41.23,5.68
559,Bin Qirdan,30,TN,1558756189,24,33.14,11.22,77.77,12.15
560,Tangjiazhuang,6,CN,1558756190,60,33.27,105.76,73.63,4.43
561,Aquiraz,40,BR,1558756191,78,-3.9,-38.39,82.4,9.17
562,Leningradskiy,90,RU,1558755953,99,69.38,178.42,36.73,7.11
563,Villarrica,90,CL,1558756194,100,-39.28,-72.23,35.6,2.15
564,Barrhead,90,CA,1558756195,100,54.12,-114.4,51.8,6.93
565,Flagstaff,1,US,1558756070,45,35.2,-111.65,48.2,5.82
